{
    "ROM": {
        "c00104adfaff4f14902931fc3d6edb49f": {
            "u073a888642af1e2cd9a32770f6ffd5c6": "u073a888642af1e2cd9a32770f6ffd5c6", 
            "uc721ad1f11fb7e128453ba5a27424998": "uc721ad1f11fb7e128453ba5a27424998"
        }
    }, 
    "copy": true, 
    "midsTarget": {}, 
    "readMember": {
        "c00104adfaff4f14902931fc3d6edb49f": "uc721ad1f11fb7e128453ba5a27424998u073a888642af1e2cd9a32770f6ffd5c6"
    }, 
    "readPoint": {
        "c00104adfaff4f14902931fc3d6edb49f": "7556994527553"
    }, 
    "ricoinvite": {}, 
    "setTime": {
        "c00104adfaff4f14902931fc3d6edb49f": "10:27:29"
    }, 
    "target": {}
}